Designator,Footprint,Quantity,Value,LCSC Part #
"C1, C11, C12, C17, C18, C2, C21, C22, C25, C26, C27, C28, C3, C38, C4, C40, C41, C7, C8",0603,19,0.1uF/50V/X7R,
"C10, C29, C30, C5, C6, C9",0603,6,1uF/25V/X7R,
"C13, C14",0603,2,56nF/50V/X7R,
"C15, C16, C19, C20, C23, C24, C35, C36, C37, C42, C43, C46, C47",1206,13,10uF/35V/X7R,
C31,1210,1,100uF/16V/X5R,
"C33, C34, C44, C45",1206,4,4.7uF/50V/X7R,
"D1, D2",D_SOD-123,2,MMSZ5240C-HE3_A-08,
D3,LED_Kingbright_APFA3010_3x1.5mm_Horizontal,1,APFA3010LSEEZGKQBKC,
"J1, J2","TerminalBlock_Phoenix_MKDS-1,5-2_1x02_P5.00mm_Horizontal",2,1715721,
J3,PinHeader_2x06_P2.54mm_Horizontal,1,PMOD,
Q1,SOT-23,1,2N7002,
Q2,TDSON-8-1,1,CSD18501Q5A,
"R1, R2, R3, R4",0603,4,0R/5%/100mW,
"R10, R22, R5, R6, R9",0603,5,200/1%/100mW,
"R11, R15, R16, R17, R18, R19, R20",0805,7,10k/0.01%/100mW,
R12,0805,1,1k/0.01%/100mW,
R13,0805,1,100/0.01%/100mW,
R14,0805,1,11/0.1%/100mW,
"R23, R24, R25, R26, R27, R28",0805,6,10R/0.05%/100mW,
"R29, R30",0603,2,0.4R/1%/100mW,
R31,0805,1,4.99R/0.1%/100mW,
"R32, R34",0603,2,100k/1%/100mW,
"R33, R36, R39, R42",0603,4,10k/1%/100mW,
R35,0603,1,90.9k/1%/100mW,
"R37, R38",0805,2,2.67k/1%/250mW,
R40,0603,1,42.2k/1%/100mW,
R41,0603,1,32.4k/1%/100mW,
"R7, R8",0603,2,88.7k/1%/100mW,
"U1, U2, U5, U6, U7, U8",SOIC-8_3.9x4.9mm_P1.27mm,6,ADA4522-2ARZ-RL,
"U10, U11",Texas_S-PVSON-N10_ThermalVias,2,TPS7A3901DSCR,
U12,Converter_DCDC_TRACO_TBA2-xxxx_Dual_THT,1,TBA2-2423,
"U3, U4",QSOP-16_3.9x4.9mm_P0.635mm,2,MAX4053AEEE+T,
U9,SOIC-8_3.9x4.9mm_P1.27mm,1,ADR4550BRZ-R7,
