Designator,Mid X,Mid Y,Rotation,Layer
C1,154.7,-111.3,90.0,top
C10,158.3,-134.1,0.0,top
C11,163.6,-116.1,90.0,top
C12,157.2,-124.8,180.0,top
C13,161.9,-112.2,90.0,top
C14,161.9,-128.4,90.0,top
C15,149.1,-117.8,90.0,top
C16,149.1,-134.4,90.0,top
C17,170.4125,-125.7,180.0,top
C18,133.9,-132.7,90.0,top
C19,154.2,-117.8,90.0,top
C2,161.9,-116.1,90.0,top
C20,151.7,-134.4,90.0,top
C21,163.6,-132.2,90.0,top
C22,138.7,-124.7,0.0,top
C23,151.7,-117.8,90.0,top
C24,154.2,-134.4,90.0,top
C25,154.7,-127.3,90.0,top
C26,147.0,-132.7,90.0,top
C27,150.4,-100.4,270.0,top
C28,172.2,-99.1,270.0,top
C29,170.5,-99.1,270.0,top
C3,147.0,-116.7,90.0,top
C30,160.4,-97.1,180.0,top
C31,156.0,-104.8,270.0,top
C33,143.7,-89.84,90.0,top
C34,134.2,-89.84,270.0,top
C35,141.2,-89.84,90.0,top
C36,131.7,-89.84,270.0,top
C37,169.0,-86.0,270.0,top
C38,166.8,-86.7,270.0,top
C4,157.3,-108.7,180.0,top
C40,142.4,-86.1,180.0,top
C41,133.0,-86.1,180.0,top
C42,142.4,-84.0,180.0,top
C43,133.0,-84.0,180.0,top
C44,141.2,-102.0,90.0,top
C45,131.7,-102.0,270.0,top
C46,143.7,-102.0,90.0,top
C47,134.2,-102.0,270.0,top
C5,173.9,-113.0,0.0,top
C6,173.9,-129.1,0.0,top
C7,170.4,-109.6,180.0,top
C8,161.9,-132.2,90.0,top
C9,158.3,-118.0,0.0,top
D1,176.2,-90.2,270.0,top
D2,182.5,-98.4,180.0,top
D3,186.7,-97.8,270.0,top
FID1,185.9,-133.8,0.0,top
FID2,185.1,-106.1,0.0,top
FID3,130.2,-137.2,0.0,top
J1,183.4,-87.4,90.0,top
J2,132.7,-116.0,270.0,top
J3,183.17,-122.65,0.0,top
Q1,152.2,-104.2,0.0,top
Q2,173.835,-83.7,0.0,top
R1,173.9,-114.9,180.0,top
R10,158.3,-135.9,180.0,top
R11,148.2,-124.5,0.0,top
R12,152.1,-124.5,0.0,top
R13,152.1,-122.3,180.0,top
R14,148.1,-122.3,180.0,top
R15,144.5,-113.2,270.0,top
R16,144.5,-117.1,90.0,top
R17,142.1,-129.7,270.0,top
R18,138.9,-132.3,180.0,top
R19,138.9,-134.5,0.0,top
R2,173.9,-131.1,180.0,top
R20,135.8,-133.4,90.0,top
R22,149.3,-104.2,270.0,top
R23,158.8,-105.4,270.0,top
R24,172.0,-102.0,180.0,top
R25,161.9,-106.3,0.0,top
R26,161.9,-104.2,0.0,top
R27,173.1,-105.1,270.0,top
R28,170.9,-105.1,270.0,top
R29,164.8,-104.2,270.0,top
R3,173.0,-110.5,90.0,top
R30,168.9,-104.2,90.0,top
R31,166.8,-104.2,270.0,top
R32,174.0,-90.9,90.0,top
R33,136.1,-95.2,180.0,top
R34,136.1,-93.3,180.0,top
R35,139.8,-93.3,180.0,top
R36,139.8,-95.2,0.0,top
R37,178.8,-97.4,90.0,top
R38,181.9,-96.0,0.0,top
R39,136.1,-107.4,180.0,top
R4,173.0125,-126.6,90.0,top
R40,136.1,-105.5,180.0,top
R41,139.9,-105.5,180.0,top
R42,139.9,-107.4,0.0,top
R5,174.8,-110.5,90.0,top
R6,174.8,-126.6,90.0,top
R7,163.6,-112.2,90.0,top
R8,163.6,-128.4,90.0,top
R9,158.3,-119.8,180.0,top
TP1,166.2,-109.0,0.0,top
TP10,143.9,-132.7,0.0,top
TP11,160.1,-101.9,0.0,top
TP12,165.5,-119.6,0.0,top
TP13,166.8,-122.6,0.0,top
TP14,170.1,-120.5,0.0,top
TP15,144.8,-94.7,0.0,top
TP16,130.7,-94.8,0.0,top
TP17,166.8,-90.7,0.0,top
TP18,167.1,-82.0,0.0,top
TP19,131.7,-105.8,270.0,top
TP2,163.6,-108.6,0.0,top
TP20,143.7,-105.8,270.0,top
TP21,140.9,-81.4,0.0,top
TP22,134.5,-81.4,0.0,top
TP23,149.9,-93.3,0.0,top
TP24,176.9,-124.1,0.0,top
TP25,179.1,-132.4,0.0,top
TP26,177.3,-119.4,0.0,top
TP3,162.8,-124.4,0.0,top
TP4,165.8,-125.0,0.0,top
TP5,157.3,-121.9,0.0,top
TP6,156.3,-137.9,0.0,top
TP7,144.5,-110.0,0.0,top
TP8,144.5,-121.2,0.0,top
TP9,142.1,-123.5,0.0,top
U1,150.1,-112.3,270.0,top
U10,137.7,-89.8,270.0,top
U11,137.7,-102.0,270.0,top
U12,156.55,-87.8,270.0,top
U2,158.3,-113.3,180.0,top
U3,168.4,-113.3,0.0,top
U4,168.4,-129.4,0.0,top
U5,158.3,-129.4,180.0,top
U6,137.1,-128.4,90.0,top
U7,150.1,-128.4,270.0,top
U8,155.0,-99.4,90.0,top
U9,165.8,-99.4,90.0,top
